{"1050675250":{"long_id":"$050000003208a03e02d17cec53b4eea1","moderators":{"75069115":"(at)aliheydarian76"},"settings":{"tag":"no","flood_msg_max":"7","lock_tgservice":"yes","lock_link":"yes","set_name":"๔๏кђtคг թєรคгคץє ₭₹₰","lock_contacts":"no","username":"yes","member":"no","lock_spam":"yes","strict":"no","lock_sticker":"no","fwd":"yes","reply":"no","lock_rtl":"no","lock_arabic":"no","flood":"yes","public":"no"},"set_owner":283697062,"group_type":"SuperGroup"},"1074695137":{"long_id":"$05000000e18b0e402cd491630426e25e","moderators":[],"settings":{"member":"no","lock_spam":"yes","lock_tgservice":"yes","strict":"no","set_name":"Sυ⒫əℜ Ѧ⒟ღɪη","lock_rtl":"no","lock_link":"no","lock_contacts":"no","lock_sticker":"no","lock_arabic":"no","flood":"yes","public":"no"},"set_owner":221977780,"group_type":"SuperGroup"},"groups":{"1050675250":1050675250,"1074695137":1074695137,"1095216324":1095216324,"1090105736":1090105736,"1070292042":1070292042,"1052259291":1052259291,"1077788783":1077788783,"1080398681":1080398681,"1086583000":1086583000},"1090105736":{"long_id":"$0500000088b1f9400395b018d9cc5586","moderators":[],"settings":{"member":"no","lock_spam":"yes","lock_tgservice":"yes","strict":"no","set_name":"A F R B O T S","lock_rtl":"no","lock_link":"no","lock_contacts":"no","lock_sticker":"no","lock_arabic":"no","flood":"yes","public":"no"},"set_owner":180890008,"group_type":"SuperGroup"},"1070292042":{"long_id":"$050000004a5ccb3fa095dd4bf141ac0a","moderators":[],"settings":{"member":"no","lock_spam":"yes","lock_tgservice":"yes","lock_rtl":"no","set_name":"Protect","strict":"no","lock_link":"no","lock_sticker":"no","reply":"yes","lock_contacts":"no","lock_arabic":"no","flood":"yes","public":"no"},"set_owner":113566842,"group_type":"hello"},"1052259291":{"long_id":"$05000000db33b83e81b40393bfd4dd0f","moderators":{"242019561":"(at)AFProtect"},"settings":{"member":"no","lock_spam":"yes","lock_tgservice":"yes","lock_link":"no","set_name":"BlackPlus","lock_rtl":"no","lock_sticker":"no","strict":"no","english":"yes","lock_contacts":"no","reply":"yes","lock_arabic":"no","flood":"yes","public":"no"},"set_owner":253320198,"group_type":"SuperGroup"},"1077788783":{"long_id":"$050000006fc03d40c8e8c36afe7e7cf8","moderators":{"242019561":"(at)AFProtect"},"settings":{"member":"no","lock_spam":"yes","lock_tgservice":"yes","strict":"no","set_name":"Hi","lock_rtl":"no","lock_link":"no","lock_contacts":"no","lock_sticker":"no","lock_arabic":"no","flood":"yes","public":"no"},"set_owner":257627103,"group_type":"SuperGroup"},"1080398681":{"long_id":"$050000005993654010001f88c8d9252e","moderators":[],"settings":{"member":"no","lock_spam":"yes","lock_tgservice":"yes","strict":"no","set_name":"منو عشقم يهويي 😍","lock_rtl":"no","lock_link":"no","lock_contacts":"no","lock_sticker":"no","lock_arabic":"no","flood":"yes","public":"no"},"set_owner":112826146,"group_type":"SuperGroup"},"1086583000":{"long_id":"$05000000d8f0c340da7ee41fd40762a2","moderators":{"181658104":"(at)Raha0021","113054491":"(at)X_x_Sadra_x_X"},"settings":{"member":"no","lock_spam":"yes","lock_tgservice":"yes","strict":"no","set_name":"🏆Music🏆","lock_link":"yes","fwd":"yes","lock_arabic":"no","lock_rtl":"no","lock_contacts":"yes","lock_sticker":"no","username":"yes","flood":"yes","public":"no"},"set_owner":192121111,"group_type":"SuperGroup"},"1095216324":{"long_id":"$05000000c4ac4741273f41a027916943","moderators":{"257554507":"(at)AFProbot","257627103":"(at)AFhero","242019561":"(at)AFProtect","221977780":"(at)AFDanger"},"settings":{"tag":"yes","member":"no","lock_rtl":"no","lock_spam":"yes","lock_tgservice":"yes","strict":"no","set_name":"AFBots Support","flood":"yes","username":"yes","lock_sticker":"no","reply":"yes","lock_contacts":"no","lock_link":"no","lock_arabic":"no","fwd":"yes","public":"no"},"set_owner":225530977,"group_type":"SuperGroup"}}